Country,Renewable_Share_Current,Total_Capacity,Renewable_Capacity,Data_Source
India,43.12%,441.97 GW,190.57 GW,"Ministry of New and Renewable Energy (MNRE), Government of India"
China,55%,"3,349 GW","1,843 GW","National Energy Administration (NEA), China"
Japan,N/A,69 GW estimated,N/A,"Ministry of Economy, Trade and Industry (METI), Japan"
South Korea,N/A,N/A,30.4 GW,"Ministry of Trade, Industry and Energy, South Korea"
Thailand,23%,53 GW,N/A,"Energy Policy and Planning Office (EPPO), Ministry of Energy, Thailand"
Vietnam,N/A,55.3 GW,17.43 GW (25.3%),"Ministry of Industry and Trade (MOIT), Vietnam"
Indonesia,N/A,N/A,N/A,"Ministry of Energy and Mineral Resources (MEMR), Indonesia"
